{
  "total_pairs": 4000,
  "matched_count": 200,
  "unmatched_count": 3800,
  "matched_node_jaccard": {
    "mean": 0.08719979477654029,
    "median": 0.08823529411764706,
    "std": 0.02183856924597322,
    "min": 0.0,
    "max": 0.125
  },
  "unmatched_node_jaccard": {
    "mean": 0.0843484268541757,
    "median": 0.08064516129032258,
    "std": 0.024738202843512,
    "min": 0.0,
    "max": 0.16666666666666666
  },
  "matched_edit_distance": {
    "mean": 289.853,
    "median": 271.69999999999993,
    "std": 51.23717879626082,
    "min": 97.5,
    "max": 382.49999999999994
  },
  "unmatched_edit_distance": {
    "mean": 290.87405263157893,
    "median": 271.29999999999995,
    "std": 52.66496763701422,
    "min": 101.5,
    "max": 417.49999999999994
  },
  "matched_readiness": {
    "mean": 0.06103985634357818,
    "median": 0.061764705882352944,
    "std": 0.015286998472181252,
    "min": 0.0,
    "max": 0.0875
  },
  "unmatched_readiness": {
    "mean": 0.059043898797922996,
    "median": 0.0564516129032258,
    "std": 0.0173167419904584,
    "min": 0.0,
    "max": 0.11666666666666665
  }
}