{
  "total_pairs": 4000,
  "matched_count": 200,
  "unmatched_count": 3800,
  "matched_jaccard": {
    "mean": 0.017833395933176698,
    "median": 0.0,
    "std": 0.021755198140267013,
    "min": 0.0,
    "max": 0.0625
  },
  "unmatched_jaccard": {
    "mean": 0.012766115397425006,
    "median": 0.0,
    "std": 0.01988592434543251,
    "min": 0.0,
    "max": 0.08571428571428572
  },
  "matched_edit_distance": {
    "mean": 196.66049999999996,
    "median": 203.89999999999992,
    "std": 22.986304939028354,
    "min": 32.0,
    "max": 236.5999999999999
  },
  "unmatched_edit_distance": {
    "mean": 197.59596052631576,
    "median": 203.04999999999995,
    "std": 21.569310559792054,
    "min": 27.5,
    "max": 248.5999999999999
  }
}